SET SQL_MODE = "NO_AUTO_VALUE_ON_ZERO";
START TRANSACTION;
SET time_zone = "+00:00";

CREATE TABLE `adherent` (
  `id` int(11) NOT NULL,
  `pseudo` varchar(50) NOT NULL,
  `role` enum('user','admin') NOT NULL
) ENGINE=InnoDB DEFAULT CHARSET=utf8mb4 COLLATE=utf8mb4_general_ci;

INSERT INTO `adherent` (`id`, `pseudo`, `role`) VALUES
(1, 'Batman', 'admin'),
(2, 'Superman', 'user'),
(3, 'Aquaman', 'user'),
(4, 'Wonder Woman', 'user'),
(5, 'Cyborg', 'user'),
(6, 'Green Lantern', 'user'),
(7, 'Flash', 'user');

CREATE TABLE `creneau` (
  `id` int(11) NOT NULL,
  `heure_debut` time NOT NULL,
  `heure_fin` time NOT NULL,
  `jour` enum('Lundi','Mardi','Mercredi','Jeudi','Vendredi','Samedi') NOT NULL,
  `disponible` tinyint(1) DEFAULT NULL,
  `id_terrain` int(11) NOT NULL
) ENGINE=InnoDB DEFAULT CHARSET=utf8mb4 COLLATE=utf8mb4_general_ci;

INSERT INTO `creneau` (`id`, `heure_debut`, `heure_fin`, `jour`, `disponible`, `id_terrain`) VALUES
(1, '10:00:00', '10:45:00', 'Lundi', 1, 1),
(2, '10:45:00', '11:30:00', 'Lundi', 1, 1),
(3, '11:30:00', '12:15:00', 'Lundi', 1, 1),
(4, '12:15:00', '13:00:00', 'Lundi', 1, 1),
(5, '13:00:00', '13:45:00', 'Lundi', 1, 1),
(6, '13:45:00', '14:30:00', 'Lundi', 1, 1),
(7, '14:30:00', '15:15:00', 'Lundi', 1, 1),
(8, '15:15:00', '16:00:00', 'Lundi', 1, 1),
(9, '16:00:00', '16:45:00', 'Lundi', 1, 1),
(10, '16:45:00', '17:30:00', 'Lundi', 1, 1),
(11, '17:30:00', '18:15:00', 'Lundi', 1, 1),
(12, '18:15:00', '19:00:00', 'Lundi', 1, 1),
(13, '19:00:00', '19:45:00', 'Lundi', 1, 1),
(14, '19:45:00', '20:30:00', 'Lundi', 1, 1),
(15, '20:30:00', '21:15:00', 'Lundi', 1, 1),
(16, '21:15:00', '22:00:00', 'Lundi', 1, 1),
(17, '10:00:00', '10:45:00', 'Lundi', 1, 2),
(18, '10:45:00', '11:30:00', 'Lundi', 1, 2),
(19, '11:30:00', '12:15:00', 'Lundi', 1, 2),
(20, '12:15:00', '13:00:00', 'Lundi', 1, 2),
(21, '13:00:00', '13:45:00', 'Lundi', 1, 2),
(22, '13:45:00', '14:30:00', 'Lundi', 1, 2),
(23, '14:30:00', '15:15:00', 'Lundi', 1, 2),
(24, '15:15:00', '16:00:00', 'Lundi', 1, 2),
(25, '16:00:00', '16:45:00', 'Lundi', 1, 2),
(26, '16:45:00', '17:30:00', 'Lundi', 1, 2),
(27, '17:30:00', '18:15:00', 'Lundi', 1, 2),
(28, '18:15:00', '19:00:00', 'Lundi', 1, 2),
(29, '19:00:00', '19:45:00', 'Lundi', 1, 2),
(30, '19:45:00', '20:30:00', 'Lundi', 1, 2),
(31, '20:30:00', '21:15:00', 'Lundi', 1, 2),
(32, '21:15:00', '22:00:00', 'Lundi', 1, 2),
(33, '10:00:00', '10:45:00', 'Lundi', 1, 3),
(34, '10:45:00', '11:30:00', 'Lundi', 1, 3),
(35, '11:30:00', '12:15:00', 'Lundi', 1, 3),
(36, '12:15:00', '13:00:00', 'Lundi', 1, 3),
(37, '13:00:00', '13:45:00', 'Lundi', 1, 3),
(38, '13:00:00', '13:45:00', 'Lundi', 1, 3),
(39, '14:30:00', '15:15:00', 'Lundi', 1, 3),
(40, '15:15:00', '16:00:00', 'Lundi', 1, 3),
(41, '16:00:00', '16:45:00', 'Lundi', 1, 3),
(42, '16:45:00', '17:30:00', 'Lundi', 1, 3),
(43, '17:30:00', '18:15:00', 'Lundi', 1, 3),
(44, '18:15:00', '19:00:00', 'Lundi', 1, 3),
(45, '19:00:00', '19:45:00', 'Lundi', 1, 3),
(46, '19:45:00', '20:30:00', 'Lundi', 1, 3),
(47, '20:30:00', '21:15:00', 'Lundi', 1, 3),
(48, '21:15:00', '22:00:00', 'Lundi', 1, 3),
(49, '10:00:00', '10:45:00', 'Lundi', 0, 4),
(50, '10:45:00', '11:30:00', 'Lundi', 0, 4),
(51, '11:30:00', '12:15:00', 'Lundi', 0, 4),
(52, '12:15:00', '13:00:00', 'Lundi', 0, 4),
(53, '13:00:00', '13:45:00', 'Lundi', 0, 4),
(54, '13:45:00', '14:30:00', 'Lundi', 0, 4),
(55, '14:30:00', '15:15:00', 'Lundi', 0, 4),
(56, '15:15:00', '16:00:00', 'Lundi', 0, 4),
(57, '16:00:00', '16:45:00', 'Lundi', 0, 4),
(58, '16:45:00', '17:30:00', 'Lundi', 0, 4),
(59, '17:30:00', '18:15:00', 'Lundi', 0, 4),
(60, '18:15:00', '19:00:00', 'Lundi', 0, 4),
(61, '19:00:00', '19:45:00', 'Lundi', 0, 4),
(62, '19:45:00', '20:30:00', 'Lundi', 0, 4),
(63, '20:30:00', '21:15:00', 'Lundi', 0, 4),
(64, '21:15:00', '22:00:00', 'Lundi', 0, 4),
(65, '10:00:00', '10:45:00', 'Mardi', 1, 1),
(66, '10:45:00', '11:30:00', 'Mardi', 1, 1),
(67, '11:30:00', '12:15:00', 'Mardi', 1, 1),
(68, '12:15:00', '13:00:00', 'Mardi', 1, 1),
(69, '13:00:00', '13:45:00', 'Mardi', 1, 1),
(70, '13:45:00', '14:30:00', 'Mardi', 1, 1),
(71, '14:30:00', '15:15:00', 'Mardi', 1, 1),
(72, '15:15:00', '16:00:00', 'Mardi', 1, 1),
(73, '16:00:00', '16:45:00', 'Mardi', 1, 1),
(74, '16:45:00', '17:30:00', 'Mardi', 1, 1),
(75, '17:30:00', '18:15:00', 'Mardi', 1, 1),
(76, '18:15:00', '19:00:00', 'Mardi', 1, 1),
(77, '19:00:00', '19:45:00', 'Mardi', 1, 1),
(78, '19:45:00', '20:30:00', 'Mardi', 1, 1),
(79, '20:30:00', '21:15:00', 'Mardi', 1, 1),
(80, '21:15:00', '22:00:00', 'Mardi', 1, 1),
(81, '10:00:00', '10:45:00', 'Mardi', 1, 2),
(82, '10:45:00', '11:30:00', 'Mardi', 1, 2),
(83, '11:30:00', '12:15:00', 'Mardi', 1, 2),
(84, '12:15:00', '13:00:00', 'Mardi', 1, 2),
(85, '13:00:00', '13:45:00', 'Mardi', 1, 2),
(86, '13:45:00', '14:30:00', 'Mardi', 1, 2),
(87, '14:30:00', '15:15:00', 'Mardi', 1, 2),
(88, '15:15:00', '16:00:00', 'Mardi', 1, 2),
(89, '16:00:00', '16:45:00', 'Mardi', 1, 2),
(90, '16:45:00', '17:30:00', 'Mardi', 1, 2),
(91, '17:30:00', '18:15:00', 'Mardi', 1, 2),
(92, '18:15:00', '19:00:00', 'Mardi', 1, 2),
(93, '19:00:00', '19:45:00', 'Mardi', 1, 2),
(94, '19:45:00', '20:30:00', 'Mardi', 1, 2),
(95, '20:30:00', '21:15:00', 'Mardi', 1, 2),
(96, '21:15:00', '22:00:00', 'Mardi', 1, 2),
(97, '10:00:00', '10:45:00', 'Mardi', 1, 3),
(98, '10:45:00', '11:30:00', 'Mardi', 1, 3),
(99, '11:30:00', '12:15:00', 'Mardi', 1, 3),
(100, '12:15:00', '13:00:00', 'Mardi', 1, 3),
(101, '13:00:00', '13:45:00', 'Mardi', 1, 3),
(102, '13:00:00', '13:45:00', 'Mardi', 1, 3),
(103, '14:30:00', '15:15:00', 'Mardi', 1, 3),
(104, '15:15:00', '16:00:00', 'Mardi', 1, 3),
(105, '16:00:00', '16:45:00', 'Mardi', 1, 3),
(106, '16:45:00', '17:30:00', 'Mardi', 1, 3),
(107, '17:30:00', '18:15:00', 'Mardi', 1, 3),
(108, '18:15:00', '19:00:00', 'Mardi', 1, 3),
(109, '19:00:00', '19:45:00', 'Mardi', 1, 3),
(110, '19:45:00', '20:30:00', 'Mardi', 1, 3),
(111, '20:30:00', '21:15:00', 'Mardi', 1, 3),
(112, '21:15:00', '22:00:00', 'Mardi', 1, 3),
(113, '10:00:00', '10:45:00', 'Mardi', 0, 4),
(114, '10:45:00', '11:30:00', 'Mardi', 0, 4),
(115, '11:30:00', '12:15:00', 'Mardi', 0, 4),
(116, '12:15:00', '13:00:00', 'Mardi', 0, 4),
(117, '13:00:00', '13:45:00', 'Mardi', 0, 4),
(118, '13:45:00', '14:30:00', 'Mardi', 0, 4),
(119, '14:30:00', '15:15:00', 'Mardi', 0, 4),
(120, '15:15:00', '16:00:00', 'Mardi', 0, 4),
(121, '16:00:00', '16:45:00', 'Mardi', 0, 4),
(122, '16:45:00', '17:30:00', 'Mardi', 0, 4),
(123, '17:30:00', '18:15:00', 'Mardi', 0, 4),
(124, '18:15:00', '19:00:00', 'Mardi', 0, 4),
(125, '19:00:00', '19:45:00', 'Mardi', 0, 4),
(126, '19:45:00', '20:30:00', 'Mardi', 0, 4),
(127, '20:30:00', '21:15:00', 'Mardi', 0, 4),
(128, '21:15:00', '22:00:00', 'Mardi', 0, 4),
(129, '10:00:00', '10:45:00', 'Mercredi', 1, 1),
(130, '10:45:00', '11:30:00', 'Mercredi', 1, 1),
(131, '11:30:00', '12:15:00', 'Mercredi', 1, 1),
(132, '12:15:00', '13:00:00', 'Mercredi', 1, 1),
(133, '13:00:00', '13:45:00', 'Mercredi', 1, 1),
(134, '13:45:00', '14:30:00', 'Mercredi', 1, 1),
(135, '14:30:00', '15:15:00', 'Mercredi', 1, 1),
(136, '15:15:00', '16:00:00', 'Mercredi', 1, 1),
(137, '16:00:00', '16:45:00', 'Mercredi', 1, 1),
(138, '16:45:00', '17:30:00', 'Mercredi', 1, 1),
(139, '17:30:00', '18:15:00', 'Mercredi', 1, 1),
(140, '18:15:00', '19:00:00', 'Mercredi', 1, 1),
(141, '19:00:00', '19:45:00', 'Mercredi', 1, 1),
(142, '19:45:00', '20:30:00', 'Mercredi', 1, 1),
(143, '20:30:00', '21:15:00', 'Mercredi', 1, 1),
(144, '21:15:00', '22:00:00', 'Mercredi', 1, 1),
(145, '10:00:00', '10:45:00', 'Mercredi', 1, 2),
(146, '10:45:00', '11:30:00', 'Mercredi', 1, 2),
(147, '11:30:00', '12:15:00', 'Mercredi', 1, 2),
(148, '12:15:00', '13:00:00', 'Mercredi', 1, 2),
(149, '13:00:00', '13:45:00', 'Mercredi', 1, 2),
(150, '13:45:00', '14:30:00', 'Mercredi', 1, 2),
(151, '14:30:00', '15:15:00', 'Mercredi', 1, 2),
(152, '15:15:00', '16:00:00', 'Mercredi', 1, 2),
(153, '16:00:00', '16:45:00', 'Mercredi', 1, 2),
(154, '16:45:00', '17:30:00', 'Mercredi', 1, 2),
(155, '17:30:00', '18:15:00', 'Mercredi', 1, 2),
(156, '18:15:00', '19:00:00', 'Mercredi', 1, 2),
(157, '19:00:00', '19:45:00', 'Mercredi', 1, 2),
(158, '19:45:00', '20:30:00', 'Mercredi', 1, 2),
(159, '20:30:00', '21:15:00', 'Mercredi', 1, 2),
(160, '21:15:00', '22:00:00', 'Mercredi', 1, 2),
(161, '10:00:00', '10:45:00', 'Mercredi', 1, 3),
(162, '10:45:00', '11:30:00', 'Mercredi', 1, 3),
(163, '11:30:00', '12:15:00', 'Mercredi', 1, 3),
(164, '12:15:00', '13:00:00', 'Mercredi', 1, 3),
(165, '13:00:00', '13:45:00', 'Mercredi', 1, 3),
(166, '13:00:00', '13:45:00', 'Mercredi', 1, 3),
(167, '14:30:00', '15:15:00', 'Mercredi', 1, 3),
(168, '15:15:00', '16:00:00', 'Mercredi', 1, 3),
(169, '16:00:00', '16:45:00', 'Mercredi', 1, 3),
(170, '16:45:00', '17:30:00', 'Mercredi', 1, 3),
(171, '17:30:00', '18:15:00', 'Mercredi', 1, 3),
(172, '18:15:00', '19:00:00', 'Mercredi', 1, 3),
(173, '19:00:00', '19:45:00', 'Mercredi', 1, 3),
(174, '19:45:00', '20:30:00', 'Mercredi', 1, 3),
(175, '20:30:00', '21:15:00', 'Mercredi', 1, 3),
(176, '21:15:00', '22:00:00', 'Mercredi', 1, 3),
(177, '10:00:00', '10:45:00', 'Mercredi', 0, 4),
(178, '10:45:00', '11:30:00', 'Mercredi', 0, 4),
(179, '11:30:00', '12:15:00', 'Mercredi', 0, 4),
(180, '12:15:00', '13:00:00', 'Mercredi', 0, 4),
(181, '13:00:00', '13:45:00', 'Mercredi', 0, 4),
(182, '13:45:00', '14:30:00', 'Mercredi', 0, 4),
(183, '14:30:00', '15:15:00', 'Mercredi', 0, 4),
(184, '15:15:00', '16:00:00', 'Mercredi', 0, 4),
(185, '16:00:00', '16:45:00', 'Mercredi', 0, 4),
(186, '16:45:00', '17:30:00', 'Mercredi', 0, 4),
(187, '17:30:00', '18:15:00', 'Mercredi', 0, 4),
(188, '18:15:00', '19:00:00', 'Mercredi', 0, 4),
(189, '19:00:00', '19:45:00', 'Mercredi', 0, 4),
(190, '19:45:00', '20:30:00', 'Mercredi', 0, 4),
(191, '20:30:00', '21:15:00', 'Mercredi', 0, 4),
(192, '21:15:00', '22:00:00', 'Mercredi', 0, 4),
(193, '10:00:00', '10:45:00', 'Jeudi', 1, 1),
(194, '10:45:00', '11:30:00', 'Jeudi', 1, 1),
(195, '11:30:00', '12:15:00', 'Jeudi', 1, 1),
(196, '12:15:00', '13:00:00', 'Jeudi', 1, 1),
(197, '13:00:00', '13:45:00', 'Jeudi', 1, 1),
(198, '13:45:00', '14:30:00', 'Jeudi', 1, 1),
(199, '14:30:00', '15:15:00', 'Jeudi', 1, 1),
(200, '15:15:00', '16:00:00', 'Jeudi', 1, 1),
(201, '16:00:00', '16:45:00', 'Jeudi', 1, 1),
(202, '16:45:00', '17:30:00', 'Jeudi', 1, 1),
(203, '17:30:00', '18:15:00', 'Jeudi', 1, 1),
(204, '18:15:00', '19:00:00', 'Jeudi', 1, 1),
(205, '19:00:00', '19:45:00', 'Jeudi', 1, 1),
(206, '19:45:00', '20:30:00', 'Jeudi', 1, 1),
(207, '20:30:00', '21:15:00', 'Jeudi', 1, 1),
(208, '21:15:00', '22:00:00', 'Jeudi', 1, 1),
(209, '10:00:00', '10:45:00', 'Jeudi', 1, 2),
(210, '10:45:00', '11:30:00', 'Jeudi', 1, 2),
(211, '11:30:00', '12:15:00', 'Jeudi', 1, 2),
(212, '12:15:00', '13:00:00', 'Jeudi', 1, 2),
(213, '13:00:00', '13:45:00', 'Jeudi', 1, 2),
(214, '13:45:00', '14:30:00', 'Jeudi', 1, 2),
(215, '14:30:00', '15:15:00', 'Jeudi', 1, 2),
(216, '15:15:00', '16:00:00', 'Jeudi', 1, 2),
(217, '16:00:00', '16:45:00', 'Jeudi', 1, 2),
(218, '16:45:00', '17:30:00', 'Jeudi', 1, 2),
(219, '17:30:00', '18:15:00', 'Jeudi', 1, 2),
(220, '18:15:00', '19:00:00', 'Jeudi', 1, 2),
(221, '19:00:00', '19:45:00', 'Jeudi', 1, 2),
(222, '19:45:00', '20:30:00', 'Jeudi', 1, 2),
(223, '20:30:00', '21:15:00', 'Jeudi', 1, 2);
INSERT INTO `creneau` (`id`, `heure_debut`, `heure_fin`, `jour`, `disponible`, `id_terrain`) VALUES
(224, '21:15:00', '22:00:00', 'Jeudi', 1, 2),
(225, '10:00:00', '10:45:00', 'Jeudi', 1, 3),
(226, '10:45:00', '11:30:00', 'Jeudi', 1, 3),
(227, '11:30:00', '12:15:00', 'Jeudi', 1, 3),
(228, '12:15:00', '13:00:00', 'Jeudi', 1, 3),
(229, '13:00:00', '13:45:00', 'Jeudi', 1, 3),
(230, '13:00:00', '13:45:00', 'Jeudi', 1, 3),
(231, '14:30:00', '15:15:00', 'Jeudi', 1, 3),
(232, '15:15:00', '16:00:00', 'Jeudi', 1, 3),
(233, '16:00:00', '16:45:00', 'Jeudi', 1, 3),
(234, '16:45:00', '17:30:00', 'Jeudi', 1, 3),
(235, '17:30:00', '18:15:00', 'Jeudi', 1, 3),
(236, '18:15:00', '19:00:00', 'Jeudi', 1, 3),
(237, '19:00:00', '19:45:00', 'Jeudi', 1, 3),
(238, '19:45:00', '20:30:00', 'Jeudi', 1, 3),
(239, '20:30:00', '21:15:00', 'Jeudi', 1, 3),
(240, '21:15:00', '22:00:00', 'Jeudi', 1, 3),
(241, '10:00:00', '10:45:00', 'Jeudi', 0, 4),
(242, '10:45:00', '11:30:00', 'Jeudi', 0, 4),
(243, '11:30:00', '12:15:00', 'Jeudi', 0, 4),
(244, '12:15:00', '13:00:00', 'Jeudi', 0, 4),
(245, '13:00:00', '13:45:00', 'Jeudi', 0, 4),
(246, '13:45:00', '14:30:00', 'Jeudi', 0, 4),
(247, '14:30:00', '15:15:00', 'Jeudi', 0, 4),
(248, '15:15:00', '16:00:00', 'Jeudi', 0, 4),
(249, '16:00:00', '16:45:00', 'Jeudi', 0, 4),
(250, '16:45:00', '17:30:00', 'Jeudi', 0, 4),
(251, '17:30:00', '18:15:00', 'Jeudi', 0, 4),
(252, '18:15:00', '19:00:00', 'Jeudi', 0, 4),
(253, '19:00:00', '19:45:00', 'Jeudi', 0, 4),
(254, '19:45:00', '20:30:00', 'Jeudi', 0, 4),
(255, '20:30:00', '21:15:00', 'Jeudi', 0, 4),
(256, '21:15:00', '22:00:00', 'Jeudi', 0, 4),
(257, '10:00:00', '10:45:00', 'Vendredi', 1, 1),
(258, '10:45:00', '11:30:00', 'Vendredi', 1, 1),
(259, '11:30:00', '12:15:00', 'Vendredi', 1, 1),
(260, '12:15:00', '13:00:00', 'Vendredi', 1, 1),
(261, '13:00:00', '13:45:00', 'Vendredi', 1, 1),
(262, '13:45:00', '14:30:00', 'Vendredi', 1, 1),
(263, '14:30:00', '15:15:00', 'Vendredi', 1, 1),
(264, '15:15:00', '16:00:00', 'Vendredi', 1, 1),
(265, '16:00:00', '16:45:00', 'Vendredi', 1, 1),
(266, '16:45:00', '17:30:00', 'Vendredi', 1, 1),
(267, '17:30:00', '18:15:00', 'Vendredi', 1, 1),
(268, '18:15:00', '19:00:00', 'Vendredi', 1, 1),
(269, '19:00:00', '19:45:00', 'Vendredi', 1, 1),
(270, '19:45:00', '20:30:00', 'Vendredi', 1, 1),
(271, '20:30:00', '21:15:00', 'Vendredi', 1, 1),
(272, '21:15:00', '22:00:00', 'Vendredi', 1, 1),
(273, '10:00:00', '10:45:00', 'Vendredi', 1, 2),
(274, '10:45:00', '11:30:00', 'Vendredi', 1, 2),
(275, '11:30:00', '12:15:00', 'Vendredi', 1, 2),
(276, '12:15:00', '13:00:00', 'Vendredi', 1, 2),
(277, '13:00:00', '13:45:00', 'Vendredi', 1, 2),
(278, '13:45:00', '14:30:00', 'Vendredi', 1, 2),
(279, '14:30:00', '15:15:00', 'Vendredi', 1, 2),
(280, '15:15:00', '16:00:00', 'Vendredi', 1, 2),
(281, '16:00:00', '16:45:00', 'Vendredi', 1, 2),
(282, '16:45:00', '17:30:00', 'Vendredi', 1, 2),
(283, '17:30:00', '18:15:00', 'Vendredi', 1, 2),
(284, '18:15:00', '19:00:00', 'Vendredi', 1, 2),
(285, '19:00:00', '19:45:00', 'Vendredi', 1, 2),
(286, '19:45:00', '20:30:00', 'Vendredi', 1, 2),
(287, '20:30:00', '21:15:00', 'Vendredi', 1, 2),
(288, '21:15:00', '22:00:00', 'Vendredi', 1, 2),
(289, '10:00:00', '10:45:00', 'Vendredi', 1, 3),
(290, '10:45:00', '11:30:00', 'Vendredi', 1, 3),
(291, '11:30:00', '12:15:00', 'Vendredi', 1, 3),
(292, '12:15:00', '13:00:00', 'Vendredi', 1, 3),
(293, '13:00:00', '13:45:00', 'Vendredi', 1, 3),
(294, '13:00:00', '13:45:00', 'Vendredi', 1, 3),
(295, '14:30:00', '15:15:00', 'Vendredi', 1, 3),
(296, '15:15:00', '16:00:00', 'Vendredi', 1, 3),
(297, '16:00:00', '16:45:00', 'Vendredi', 1, 3),
(298, '16:45:00', '17:30:00', 'Vendredi', 1, 3),
(299, '17:30:00', '18:15:00', 'Vendredi', 1, 3),
(300, '18:15:00', '19:00:00', 'Vendredi', 1, 3),
(301, '19:00:00', '19:45:00', 'Vendredi', 1, 3),
(302, '19:45:00', '20:30:00', 'Vendredi', 1, 3),
(303, '20:30:00', '21:15:00', 'Vendredi', 1, 3),
(304, '21:15:00', '22:00:00', 'Vendredi', 1, 3),
(305, '10:00:00', '10:45:00', 'Vendredi', 0, 4),
(306, '10:45:00', '11:30:00', 'Vendredi', 0, 4),
(307, '11:30:00', '12:15:00', 'Vendredi', 0, 4),
(308, '12:15:00', '13:00:00', 'Vendredi', 0, 4),
(309, '13:00:00', '13:45:00', 'Vendredi', 0, 4),
(310, '13:45:00', '14:30:00', 'Vendredi', 0, 4),
(311, '14:30:00', '15:15:00', 'Vendredi', 0, 4),
(312, '15:15:00', '16:00:00', 'Vendredi', 0, 4),
(313, '16:00:00', '16:45:00', 'Vendredi', 0, 4),
(314, '16:45:00', '17:30:00', 'Vendredi', 0, 4),
(315, '17:30:00', '18:15:00', 'Vendredi', 0, 4),
(316, '18:15:00', '19:00:00', 'Vendredi', 0, 4),
(317, '19:00:00', '19:45:00', 'Vendredi', 0, 4),
(318, '19:45:00', '20:30:00', 'Vendredi', 0, 4),
(319, '20:30:00', '21:15:00', 'Vendredi', 0, 4),
(320, '21:15:00', '22:00:00', 'Vendredi', 0, 4),
(321, '10:00:00', '10:45:00', 'Samedi', 1, 1),
(322, '10:45:00', '11:30:00', 'Samedi', 1, 1),
(323, '11:30:00', '12:15:00', 'Samedi', 1, 1),
(324, '12:15:00', '13:00:00', 'Samedi', 1, 1),
(325, '13:00:00', '13:45:00', 'Samedi', 1, 1),
(326, '13:45:00', '14:30:00', 'Samedi', 1, 1),
(327, '14:30:00', '15:15:00', 'Samedi', 1, 1),
(328, '15:15:00', '16:00:00', 'Samedi', 1, 1),
(329, '16:00:00', '16:45:00', 'Samedi', 1, 1),
(330, '16:45:00', '17:30:00', 'Samedi', 1, 1),
(331, '17:30:00', '18:15:00', 'Samedi', 1, 1),
(332, '18:15:00', '19:00:00', 'Samedi', 1, 1),
(333, '19:00:00', '19:45:00', 'Samedi', 1, 1),
(334, '19:45:00', '20:30:00', 'Samedi', 1, 1),
(335, '20:30:00', '21:15:00', 'Samedi', 1, 1),
(336, '21:15:00', '22:00:00', 'Samedi', 1, 1),
(337, '10:00:00', '10:45:00', 'Samedi', 1, 2),
(338, '10:45:00', '11:30:00', 'Samedi', 1, 2),
(339, '11:30:00', '12:15:00', 'Samedi', 1, 2),
(340, '12:15:00', '13:00:00', 'Samedi', 1, 2),
(341, '13:00:00', '13:45:00', 'Samedi', 1, 2),
(342, '13:45:00', '14:30:00', 'Samedi', 1, 2),
(343, '14:30:00', '15:15:00', 'Samedi', 1, 2),
(344, '15:15:00', '16:00:00', 'Samedi', 1, 2),
(345, '16:00:00', '16:45:00', 'Samedi', 1, 2),
(346, '16:45:00', '17:30:00', 'Samedi', 1, 2),
(347, '17:30:00', '18:15:00', 'Samedi', 1, 2),
(348, '18:15:00', '19:00:00', 'Samedi', 1, 2),
(349, '19:00:00', '19:45:00', 'Samedi', 1, 2),
(350, '19:45:00', '20:30:00', 'Samedi', 1, 2),
(351, '20:30:00', '21:15:00', 'Samedi', 1, 2),
(352, '21:15:00', '22:00:00', 'Samedi', 1, 2),
(353, '10:00:00', '10:45:00', 'Samedi', 1, 3),
(354, '10:45:00', '11:30:00', 'Samedi', 1, 3),
(355, '11:30:00', '12:15:00', 'Samedi', 1, 3),
(356, '12:15:00', '13:00:00', 'Samedi', 1, 3),
(357, '13:00:00', '13:45:00', 'Samedi', 1, 3),
(358, '13:00:00', '13:45:00', 'Samedi', 1, 3),
(359, '14:30:00', '15:15:00', 'Samedi', 1, 3),
(360, '15:15:00', '16:00:00', 'Samedi', 1, 3),
(361, '16:00:00', '16:45:00', 'Samedi', 1, 3),
(362, '16:45:00', '17:30:00', 'Samedi', 1, 3),
(363, '17:30:00', '18:15:00', 'Samedi', 1, 3),
(364, '18:15:00', '19:00:00', 'Samedi', 1, 3),
(365, '19:00:00', '19:45:00', 'Samedi', 1, 3),
(366, '19:45:00', '20:30:00', 'Samedi', 1, 3),
(367, '20:30:00', '21:15:00', 'Samedi', 1, 3),
(368, '21:15:00', '22:00:00', 'Samedi', 1, 3),
(369, '10:00:00', '10:45:00', 'Samedi', 0, 4),
(370, '10:45:00', '11:30:00', 'Samedi', 0, 4),
(371, '11:30:00', '12:15:00', 'Samedi', 0, 4),
(372, '12:15:00', '13:00:00', 'Samedi', 0, 4),
(373, '13:00:00', '13:45:00', 'Samedi', 0, 4),
(374, '13:45:00', '14:30:00', 'Samedi', 0, 4),
(375, '14:30:00', '15:15:00', 'Samedi', 0, 4),
(376, '15:15:00', '16:00:00', 'Samedi', 0, 4),
(377, '16:00:00', '16:45:00', 'Samedi', 0, 4),
(378, '16:45:00', '17:30:00', 'Samedi', 0, 4),
(379, '17:30:00', '18:15:00', 'Samedi', 0, 4),
(380, '18:15:00', '19:00:00', 'Samedi', 0, 4),
(381, '19:00:00', '19:45:00', 'Samedi', 0, 4),
(382, '19:45:00', '20:30:00', 'Samedi', 0, 4),
(383, '20:30:00', '21:15:00', 'Samedi', 0, 4),
(384, '21:15:00', '22:00:00', 'Samedi', 0, 4);

CREATE TABLE `reservation` (
  `id` int(11) NOT NULL,
  `id_creneau` int(11) NOT NULL,
  `id_adherent` int(11) NOT NULL
) ENGINE=InnoDB DEFAULT CHARSET=utf8mb4 COLLATE=utf8mb4_general_ci;

INSERT INTO `reservation` (`id`, `id_creneau`, `id_adherent`) VALUES
(4, 19, 1),
(6, 21, 7),
(8, 23, 4);

CREATE TABLE `terrain` (
  `id` int(11) NOT NULL,
  `nom` varchar(50) NOT NULL,
  `disponible` tinyint(1) NOT NULL
) ENGINE=InnoDB DEFAULT CHARSET=utf8mb4 COLLATE=utf8mb4_general_ci;

INSERT INTO `terrain` (`id`, `nom`, `disponible`) VALUES
(1, 'A', 1),
(2, 'B', 1),
(3, 'C', 1),
(4, 'D', 1);


ALTER TABLE `adherent`
  ADD PRIMARY KEY (`id`);

ALTER TABLE `creneau`
  ADD PRIMARY KEY (`id`),
  ADD KEY `fk_creneau_terrain` (`id_terrain`);

ALTER TABLE `reservation`
  ADD PRIMARY KEY (`id`),
  ADD UNIQUE KEY `id_creneau` (`id_creneau`),
  ADD KEY `fk_reservation_creneau` (`id_creneau`),
  ADD KEY `fk_reservation_adherent` (`id_adherent`);

ALTER TABLE `terrain`
  ADD PRIMARY KEY (`id`);


ALTER TABLE `adherent`
  MODIFY `id` int(11) NOT NULL AUTO_INCREMENT;

ALTER TABLE `creneau`
  MODIFY `id` int(11) NOT NULL AUTO_INCREMENT;

ALTER TABLE `reservation`
  MODIFY `id` int(11) NOT NULL AUTO_INCREMENT;

ALTER TABLE `terrain`
  MODIFY `id` int(11) NOT NULL AUTO_INCREMENT;


ALTER TABLE `creneau`
  ADD CONSTRAINT `fk_creneau_terrain` FOREIGN KEY (`id_terrain`) REFERENCES `terrain` (`id`);

ALTER TABLE `reservation`
  ADD CONSTRAINT `fk_reservation_adherent` FOREIGN KEY (`id_adherent`) REFERENCES `adherent` (`id`),
  ADD CONSTRAINT `fk_reservation_creneau` FOREIGN KEY (`id_creneau`) REFERENCES `creneau` (`id`);
COMMIT;
